display_name,description,displayName,email
APIGW ABC,apigw1 api,Vinod,Vinod@hdfcbnk.com
SOA ABC,soa service 1,Tushar,tushar@hdfcbnk.com
OBP ABC,OBP service 1,Shashank,Shashank@hdfcbnk.com
SETU ABC,Setu Api,Pradnya,Pradnya@hdfcbnk.com